Region,Postcode
Inner Melbourne,3000
Inner Melbourne,3002
Inner Melbourne,3003
Inner Melbourne,3004
Inner Melbourne,3005
Inner Melbourne,3006
Inner Melbourne,3008
Inner Melbourne,3051
Inner Melbourne,3052
Inner Melbourne,3053
Inner Melbourne,3054
Inner Melbourne,3065
Inner Melbourne,3066
Inner Melbourne,3067
Inner Melbourne,3068
Inner Melbourne,3121
Inner Melbourne,3141
Inner Melbourne,3142
Inner Melbourne,3143
Inner Melbourne,3181
Inner Melbourne,3182
Inner Melbourne,3183
Inner Melbourne,3184
Inner Melbourne,3205
Inner Melbourne,3206
Inner Melbourne,3207
Inner Eastern Melbourne,3101
Inner Eastern Melbourne,3102
Inner Eastern Melbourne,3103
Inner Eastern Melbourne,3104
Inner Eastern Melbourne,3105
Inner Eastern Melbourne,3106
Inner Eastern Melbourne,3107
Inner Eastern Melbourne,3108
Inner Eastern Melbourne,3109
Inner Eastern Melbourne,3111
Inner Eastern Melbourne,3122
Inner Eastern Melbourne,3123
Inner Eastern Melbourne,3124
Inner Eastern Melbourne,3125
Inner Eastern Melbourne,3126
Inner Eastern Melbourne,3127
Inner Eastern Melbourne,3128
Inner Eastern Melbourne,3129
Inner Eastern Melbourne,3130
Inner Eastern Melbourne,3131
Inner Eastern Melbourne,3133
Inner Eastern Melbourne,3146
Inner Eastern Melbourne,3147
Inner Eastern Melbourne,3148
Inner Eastern Melbourne,3149
Inner Eastern Melbourne,3150
Inner Eastern Melbourne,3151
Inner Eastern Melbourne,3168
Inner Eastern Melbourne,3170
Southern Melbourne,3144
Southern Melbourne,3145
Southern Melbourne,3161
Southern Melbourne,3162
Southern Melbourne,3163
Southern Melbourne,3165
Southern Melbourne,3166
Southern Melbourne,3185
Southern Melbourne,3186
Southern Melbourne,3187
Southern Melbourne,3188
Southern Melbourne,3189
Southern Melbourne,3190
Southern Melbourne,3191
Southern Melbourne,3192
Southern Melbourne,3193
Southern Melbourne,3194
Southern Melbourne,3195
Southern Melbourne,3204
Outer Western Melbourne,3011
Outer Western Melbourne,3012
Outer Western Melbourne,3013
Outer Western Melbourne,3015
Outer Western Melbourne,3016
Outer Western Melbourne,3018
Outer Western Melbourne,3019
Outer Western Melbourne,3020
Outer Western Melbourne,3021
Outer Western Melbourne,3022
Outer Western Melbourne,3023
Outer Western Melbourne,3024
Outer Western Melbourne,3025
Outer Western Melbourne,3028
Outer Western Melbourne,3030
Outer Western Melbourne,3037
Outer Western Melbourne,3038
Outer Western Melbourne,3335
Outer Western Melbourne,3337
Outer Western Melbourne,3338
North Western Melbourne,3031
North Western Melbourne,3032
North Western Melbourne,3033
North Western Melbourne,3034
North Western Melbourne,3036
North Western Melbourne,3039
North Western Melbourne,3040
North Western Melbourne,3041
North Western Melbourne,3042
North Western Melbourne,3043
North Western Melbourne,3044
North Western Melbourne,3046
North Western Melbourne,3047
North Western Melbourne,3048
North Western Melbourne,3049
North Western Melbourne,3055
North Western Melbourne,3056
North Western Melbourne,3057
North Western Melbourne,3058
North Western Melbourne,3059
North Western Melbourne,3060
North Western Melbourne,3064
North Western Melbourne,3429
North Eastern Melbourne,3070
North Eastern Melbourne,3071
North Eastern Melbourne,3072
North Eastern Melbourne,3073
North Eastern Melbourne,3074
North Eastern Melbourne,3075
North Eastern Melbourne,3076
North Eastern Melbourne,3078
North Eastern Melbourne,3079
North Eastern Melbourne,3081
North Eastern Melbourne,3082
North Eastern Melbourne,3083
North Eastern Melbourne,3084
North Eastern Melbourne,3085
North Eastern Melbourne,3087
North Eastern Melbourne,3088
North Eastern Melbourne,3089
North Eastern Melbourne,3090
North Eastern Melbourne,3091
North Eastern Melbourne,3093
North Eastern Melbourne,3094
North Eastern Melbourne,3095
North Eastern Melbourne,3099
North Eastern Melbourne,3750
North Eastern Melbourne,3752
North Eastern Melbourne,3754
North Eastern Melbourne,3757
Outer Eastern Melbourne,3132
Outer Eastern Melbourne,3134
Outer Eastern Melbourne,3135
Outer Eastern Melbourne,3136
Outer Eastern Melbourne,3137
Outer Eastern Melbourne,3138
Outer Eastern Melbourne,3140
Outer Eastern Melbourne,3152
Outer Eastern Melbourne,3153
Outer Eastern Melbourne,3154
Outer Eastern Melbourne,3155
Outer Eastern Melbourne,3156
Outer Eastern Melbourne,3178
Outer Eastern Melbourne,3179
Outer Eastern Melbourne,3180
Outer Eastern Melbourne,3765
Outer Eastern Melbourne,3770
Outer Eastern Melbourne,3775
Outer Eastern Melbourne,3777
Outer Eastern Melbourne,3796
South Eastern Melbourne,3171
South Eastern Melbourne,3172
South Eastern Melbourne,3173
South Eastern Melbourne,3174
South Eastern Melbourne,3175
South Eastern Melbourne,3177
South Eastern Melbourne,3802
South Eastern Melbourne,3803
South Eastern Melbourne,3804
South Eastern Melbourne,3805
South Eastern Melbourne,3806
South Eastern Melbourne,3810
South Eastern Melbourne,3975
South Eastern Melbourne,3976
South Eastern Melbourne,3977
South Eastern Melbourne,3978
Mornington Peninsula,3196
Mornington Peninsula,3197
Mornington Peninsula,3198
Mornington Peninsula,3199
Mornington Peninsula,3200
Mornington Peninsula,3201
Mornington Peninsula,3910
Mornington Peninsula,3911
Mornington Peninsula,3912
Mornington Peninsula,3913
Mornington Peninsula,3915
Mornington Peninsula,3916
Mornington Peninsula,3918
Mornington Peninsula,3919
Mornington Peninsula,3920
Mornington Peninsula,3926
Mornington Peninsula,3927
Mornington Peninsula,3928
Mornington Peninsula,3929
Mornington Peninsula,3930
Mornington Peninsula,3931
Mornington Peninsula,3933
Mornington Peninsula,3934
Mornington Peninsula,3936
Mornington Peninsula,3937
Mornington Peninsula,3938
Mornington Peninsula,3939
Mornington Peninsula,3940
Mornington Peninsula,3941
Mornington Peninsula,3942
Mornington Peninsula,3943
Mornington Peninsula,3944
Geelong,3211
Geelong,3212
Geelong,3214
Geelong,3215
Geelong,3216
Geelong,3218
Geelong,3219
Geelong,3220
Ballarat,3350
Ballarat,3352
Ballarat,3355
Ballarat,3356
Ballarat,3357
Bendigo,3550
Bendigo,3551
Bendigo,3555
Bendigo,3556
Other Regional Centres,3226
Other Regional Centres,3227
Other Regional Centres,3228
Other Regional Centres,3280
Other Regional Centres,3300
Other Regional Centres,3305
Other Regional Centres,3400
Other Regional Centres,3450
Other Regional Centres,3500
Other Regional Centres,3564
Other Regional Centres,3585
Other Regional Centres,3630
Other Regional Centres,3660
Other Regional Centres,3672
Other Regional Centres,3677
Other Regional Centres,3690
Other Regional Centres,3820
Other Regional Centres,3825
Other Regional Centres,3840
Other Regional Centres,3844
Other Regional Centres,3850
Other Regional Centres,3860
Other Regional Centres,3875